Risk_Level,Churn_Probability,Revenue_At_Risk,tenure,MonthlyCharges
High Risk,0.8929296,365208.22,9.426650366748166,79.85146699266504
Low Risk,0.14510053,390320.4,38.034200743494424,61.337853159851306
Medium Risk,0.7044736,297640.12,18.526627218934912,71.95319526627219
